{"0": {"address": ["127.0.0.1", 11000], "neighbor_packets_count": {"127.0.0.1:11001": {"sent_packets_count": 7, "received_packets_count": 16}, "127.0.0.1:11002": {"sent_packets_count": 16, "received_packets_count": 16}, "127.0.0.1:11005": {"sent_packets_count": 16, "received_packets_count": 16}}, "final_neighbors": [["127.0.0.1", 11002], ["127.0.0.1", 11005], ["127.0.0.1", 11001]], "accessibility_ratio": {"127.0.0.1:11001": 0, "127.0.0.1:11002": 0, "127.0.0.1:11003": 0, "127.0.0.1:11004": 0, "127.0.0.1:11005": 0}}, "1": {"address": ["127.0.0.1", 11001], "neighbor_packets_count": {"127.0.0.1:11003": {"sent_packets_count": 14, "received_packets_count": 14}, "127.0.0.1:11000": {"sent_packets_count": 16, "received_packets_count": 5}}, "final_neighbors": [["127.0.0.1", 11000]], "accessibility_ratio": {"127.0.0.1:11000": 0, "127.0.0.1:11002": 0, "127.0.0.1:11003": 24.318174839019775, "127.0.0.1:11004": 0, "127.0.0.1:11005": 0}}, "2": {"address": ["127.0.0.1", 11002], "neighbor_packets_count": {"127.0.0.1:11000": {"sent_packets_count": 16, "received_packets_count": 14}}, "final_neighbors": [["127.0.0.1", 11000]], "accessibility_ratio": {"127.0.0.1:11000": 0, "127.0.0.1:11001": 0, "127.0.0.1:11003": 0, "127.0.0.1:11004": 0, "127.0.0.1:11005": 0}}, "3": {"address": ["127.0.0.1", 11003], "neighbor_packets_count": {"127.0.0.1:11001": {"sent_packets_count": 14, "received_packets_count": 11}, "127.0.0.1:11004": {"sent_packets_count": 9, "received_packets_count": 6}, "127.0.0.1:11005": {"sent_packets_count": 8, "received_packets_count": 8}}, "final_neighbors": [["127.0.0.1", 11001], ["127.0.0.1", 11005]], "accessibility_ratio": {"127.0.0.1:11000": 0, "127.0.0.1:11001": 28.072227954864502, "127.0.0.1:11002": 0, "127.0.0.1:11004": 14.05021858215332, "127.0.0.1:11005": 13.858511924743652}}, "4": {"address": ["127.0.0.1", 11004], "neighbor_packets_count": {"127.0.0.1:11001": {"sent_packets_count": 3, "received_packets_count": 8}, "127.0.0.1:11003": {"sent_packets_count": 6, "received_packets_count": 9}}, "final_neighbors": [["127.0.0.1", 11001], ["127.0.0.1", 11003]], "accessibility_ratio": {"127.0.0.1:11000": 0, "127.0.0.1:11001": 0.05318617820739746, "127.0.0.1:11002": 0, "127.0.0.1:11003": 28.065149068832397, "127.0.0.1:11005": 0}}, "5": {"address": ["127.0.0.1", 11005], "neighbor_packets_count": {"127.0.0.1:11003": {"sent_packets_count": 15, "received_packets_count": 8}, "127.0.0.1:11000": {"sent_packets_count": 16, "received_packets_count": 14}}, "final_neighbors": [["127.0.0.1", 11000]], "accessibility_ratio": {"127.0.0.1:11000": 27.964629650115967, "127.0.0.1:11001": 0, "127.0.0.1:11002": 0, "127.0.0.1:11003": 9.971021890640259, "127.0.0.1:11004": 0}}}