{"address": "127.0.0.1:11003", "neighbor_packets_count": {"127.0.0.1:11000": {"sent_packets_count": 75, "received_packets_count": 63}, "127.0.0.1:11001": {"sent_packets_count": 48, "received_packets_count": 74}, "127.0.0.1:11002": {"sent_packets_count": 37, "received_packets_count": 43}, "127.0.0.1:11004": {"sent_packets_count": 52, "received_packets_count": 68}}, "final_neighbors": ["127.0.0.1:11004", "127.0.0.1:11002"], "accessibility_ratio": {"127.0.0.1:11000": 0.5959107613563538, "127.0.0.1:11001": 0.2112059203783671, "127.0.0.1:11002": 0.19820093949635822, "127.0.0.1:11004": 0.45802843491236367, "127.0.0.1:11005": 0.0}, "topology": ["0 0 0 0 0 0", "0 0 0 0 0 0", "0 0 0 2 2 0", "0 0 2 0 2 0", "0 0 2 2 0 0", "0 0 0 0 0 0"]}