{"address": "127.0.0.1:11005", "neighbor_packets_count": {"127.0.0.1:11001": {"sent_packets_count": 88, "received_packets_count": 70}, "127.0.0.1:11004": {"sent_packets_count": 71, "received_packets_count": 61}, "127.0.0.1:11000": {"sent_packets_count": 77, "received_packets_count": 48}, "127.0.0.1:11003": {"sent_packets_count": 38, "received_packets_count": 25}, "127.0.0.1:11002": {"sent_packets_count": 67, "received_packets_count": 54}}, "final_neighbors": [], "accessibility_ratio": {"127.0.0.1:11000": 0.4258112359046936, "127.0.0.1:11001": 0.4235226249694824, "127.0.0.1:11002": 0.20190949122111002, "127.0.0.1:11003": 0.12114799420038859, "127.0.0.1:11004": 0.5423626041412354}, "topology": ["0 0 0 0 0 0", "0 0 0 0 0 0", "0 0 0 0 0 0", "0 0 0 0 0 0", "0 0 0 0 0 0", "0 0 0 0 0 0"]}