{"address": "127.0.0.1:11001", "neighbor_packets_count": {"127.0.0.1:11004": {"sent_packets_count": 75, "received_packets_count": 48}, "127.0.0.1:11000": {"sent_packets_count": 67, "received_packets_count": 39}, "127.0.0.1:11003": {"sent_packets_count": 74, "received_packets_count": 43}, "127.0.0.1:11002": {"sent_packets_count": 60, "received_packets_count": 42}, "127.0.0.1:11005": {"sent_packets_count": 74, "received_packets_count": 70}}, "final_neighbors": ["127.0.0.1:11002", "127.0.0.1:11005"], "accessibility_ratio": {"127.0.0.1:11000": 0.23671322107315063, "127.0.0.1:11002": 0.25230780283610027, "127.0.0.1:11003": 0.24011873563130698, "127.0.0.1:11004": 0.2564143745104472, "127.0.0.1:11005": 0.38461466868718464}, "topology": ["0 0 0 0 0 0", "0 0 0 0 0 0", "0 1 0 0 0 0", "0 0 0 0 0 0", "0 0 0 0 0 0", "0 1 0 0 0 0"]}