{"address": "127.0.0.1:11000", "neighbor_packets_count": {"127.0.0.1:11001": {"sent_packets_count": 56, "received_packets_count": 66}, "127.0.0.1:11004": {"sent_packets_count": 87, "received_packets_count": 70}, "127.0.0.1:11003": {"sent_packets_count": 70, "received_packets_count": 73}, "127.0.0.1:11002": {"sent_packets_count": 51, "received_packets_count": 40}, "127.0.0.1:11005": {"sent_packets_count": 64, "received_packets_count": 76}}, "final_neighbors": [], "accessibility_ratio": {"127.0.0.1:11001": 0.4083381978670756, "127.0.0.1:11002": 0.21992735624313353, "127.0.0.1:11003": 0.3498520803451538, "127.0.0.1:11004": 0.6393524845441182, "127.0.0.1:11005": 0.3999133539199829}, "topology": ["0 0 0 0 0 0", "0 0 0 0 0 0", "0 0 0 0 0 0", "0 0 0 0 0 0", "0 0 0 0 0 0", "0 0 0 0 0 0"]}