{"address": "127.0.0.1:11004", "neighbor_packets_count": {"127.0.0.1:11001": {"sent_packets_count": 69, "received_packets_count": 72}, "127.0.0.1:11000": {"sent_packets_count": 88, "received_packets_count": 64}, "127.0.0.1:11003": {"sent_packets_count": 77, "received_packets_count": 50}, "127.0.0.1:11002": {"sent_packets_count": 88, "received_packets_count": 68}, "127.0.0.1:11005": {"sent_packets_count": 87, "received_packets_count": 66}}, "final_neighbors": ["127.0.0.1:11003", "127.0.0.1:11002"], "accessibility_ratio": {"127.0.0.1:11000": 0.39277252117792766, "127.0.0.1:11001": 0.3357087731361389, "127.0.0.1:11002": 0.4519331781069438, "127.0.0.1:11003": 0.23609357277552287, "127.0.0.1:11005": 0.36526233116785684}, "topology": ["0 0 0 0 0 0", "0 0 0 0 0 0", "0 0 0 2 2 0", "0 0 2 0 2 0", "0 0 2 2 0 0", "0 0 0 0 0 0"]}