{"address": "127.0.0.1:11002", "neighbor_packets_count": {"127.0.0.1:11001": {"sent_packets_count": 65, "received_packets_count": 56}, "127.0.0.1:11004": {"sent_packets_count": 89, "received_packets_count": 74}, "127.0.0.1:11000": {"sent_packets_count": 62, "received_packets_count": 43}, "127.0.0.1:11003": {"sent_packets_count": 56, "received_packets_count": 35}, "127.0.0.1:11005": {"sent_packets_count": 73, "received_packets_count": 54}}, "final_neighbors": ["127.0.0.1:11004", "127.0.0.1:11003"], "accessibility_ratio": {"127.0.0.1:11000": 0.2629080843925476, "127.0.0.1:11001": 0.47972522656122846, "127.0.0.1:11003": 0.23192719459533692, "127.0.0.1:11004": 0.36723014831542966, "127.0.0.1:11005": 0.43359069267908734}, "topology": ["0 0 0 0 0 0", "0 0 0 0 0 0", "0 0 0 2 2 0", "0 0 2 0 2 0", "0 0 2 2 0 0", "0 0 0 0 0 0"]}